style,role,slots,note
dive,tank,1,the engage: winston d.va doomfist wrecking ball hazard
dive,damage,2,flankers who arrive with the tank: genji tracer sombra echo
dive,support,2,mobile follow who can survive the commit: lucio kiriko juno moira
brawl,tank,1,frontline anchor who holds the scrum: reinhardt junker queen mauga ramattra
brawl,damage,2,close-range sustained damage: reaper mei symmetra cassidy
brawl,support,2,aoe sustain inside the fight: lucio brigitte ana moira
poke,tank,1,space at range without overextending: sigma orisa ramattra
poke,damage,2,long-range pressure that wins the chip war: hanzo widowmaker ashe pharah
poke,support,2,backline that heals from distance: ana baptiste zenyatta illari
